GAME_ID,GAME_DATE,HOME_TEAM_ID,AWAY_TEAM_ID,HOME_SCORE,AWAY_SCORE
22401191,2025-04-13,1610612755,1610612741,0,0
22401195,2025-04-13,1610612750,1610612762,0,0
22401198,2025-04-13,1610612744,1610612746,0,0
22401200,2025-04-13,1610612758,1610612756,0,0
22401187,2025-04-13,1610612738,1610612766,0,0
22401196,2025-04-13,1610612740,1610612760,0,0
22401199,2025-04-13,1610612757,1610612747,0,0
22401189,2025-04-13,1610612739,1610612754,0,0
22401197,2025-04-13,1610612759,1610612761,0,0
22401192,2025-04-13,1610612749,1610612765,0,0
22401193,2025-04-13,1610612745,1610612743,0,0
22401188,2025-04-13,1610612751,1610612752,0,0
22401194,2025-04-13,1610612763,1610612742,0,0
22401190,2025-04-13,1610612748,1610612764,0,0
22401186,2025-04-13,1610612737,1610612753,0,0
22401181,2025-04-11,1610612762,1610612760,0,0
22401175,2025-04-11,1610612752,1610612739,0,0
22401171,2025-04-11,1610612765,1610612749,0,0
22401173,2025-04-11,1610612755,1610612737,0,0
22401176,2025-04-11,1610612741,1610612764,0,0
22401183,2025-04-11,1610612757,1610612744,0,0
22401182,2025-04-11,1610612756,1610612759,0,0
22401179,2025-04-11,1610612750,1610612751,0,0
22401180,2025-04-11,1610612743,1610612763,0,0
22401185,2025-04-11,1610612747,1610612745,0,0
22401184,2025-04-11,1610612758,1610612746,0,0
22401177,2025-04-11,1610612740,1610612748,0,0
22401172,2025-04-11,1610612754,1610612753,0,0
22401174,2025-04-11,1610612738,1610612766,0,0
22401178,2025-04-11,1610612742,1610612761,0,0
22401170,2025-04-10,1610612763,1610612750,0,0
22401169,2025-04-10,1610612751,1610612737,0,0
22401161,2025-04-10,1610612749,1610612740,0,0
22401167,2025-04-10,1610612765,1610612752,0,0
22401168,2025-04-10,1610612754,1610612739,0,0
22401160,2025-04-09,1610612741,1610612748,119,111
22401162,2025-04-09,1610612762,1610612757,133,126
22401164,2025-04-09,1610612756,1610612760,112,125
22401158,2025-04-09,1610612761,1610612766,126,96
22401165,2025-04-09,1610612758,1610612743,116,124
22401166,2025-04-09,1610612746,1610612745,134,117
22401163,2025-04-09,1610612744,1610612759,111,114
22401157,2025-04-09,1610612764,1610612755,103,122
22401159,2025-04-09,1610612742,1610612747,97,112
22401156,2025-04-09,1610612753,1610612738,96,76
22401148,2025-04-08,1610612754,1610612764,104,98
22401152,2025-04-08,1610612749,1610612750,110,103
22401149,2025-04-08,1610612753,1610612737,119,112
22401150,2025-04-08,1610612751,1610612740,119,114
22401154,2025-04-08,1610612756,1610612744,95,133
22401146,2025-04-08,1610612766,1610612763,100,124
22401147,2025-04-08,1610612739,1610612741,135,113
22401151,2025-04-08,1610612752,1610612738,117,119
22401153,2025-04-08,1610612760,1610612747,136,120
22401155,2025-04-08,1610612746,1610612759,122,117
22401144,2025-04-07,1610612765,1610612758,117,127
22401145,2025-04-07,1610612748,1610612755,117,105
22401140,2025-04-06,1610612752,1610612756,112,98
22401135,2025-04-06,1610612760,1610612747,99,126
22400617,2025-04-06,1610612740,1610612749,107,111
22401137,2025-04-06,1610612738,1610612764,124,90
22401138,2025-04-06,1610612739,1610612758,113,120
22401136,2025-04-06,1610612737,1610612762,147,134
22401142,2025-04-06,1610612743,1610612754,120,125
22401133,2025-04-06,1610612766,1610612741,117,131
22401143,2025-04-06,1610612744,1610612745,96,106
22401139,2025-04-06,1610612757,1610612759,120,109
22401134,2025-04-06,1610612751,1610612761,109,120
22401131,2025-04-05,1610612748,1610612749,115,121
22401128,2025-04-05,1610612737,1610612752,105,121
22401130,2025-04-05,1610612755,1610612750,109,114
22401132,2025-04-05,1610612746,1610612742,135,104
22401129,2025-04-05,1610612765,1610612763,103,109
22401119,2025-04-04,1610612754,1610612762,140,112
22401118,2025-04-04,1610612766,1610612758,102,125
22401120,2025-04-04,1610612738,1610612756,123,103
22401125,2025-04-04,1610612744,1610612743,118,104
22401123,2025-04-04,1610612745,1610612760,125,111
22401122,2025-04-04,1610612741,1610612757,118,113
22401121,2025-04-04,1610612761,1610612765,105,117
22401124,2025-04-04,1610612759,1610612739,113,114
22401127,2025-04-04,1610612746,1610612742,114,91
22401126,2025-04-04,1610612747,1610612740,124,108
22401115,2025-04-03,1610612755,1610612749,113,126
22401114,2025-04-03,1610612748,1610612763,108,110
22401112,2025-04-03,1610612764,1610612753,97,109
22401116,2025-04-03,1610612761,1610612757,103,112
22401117,2025-04-03,1610612747,1610612744,116,123
22401113,2025-04-03,1610612751,1610612750,90,105
22401108,2025-04-02,1610612760,1610612765,119,103
22401107,2025-04-02,1610612745,1610612762,143,105
22401103,2025-04-02,1610612739,1610612752,124,105
22401104,2025-04-02,1610612754,1610612766,119,105
22401111,2025-04-02,1610612746,1610612740,114,98
22401106,2025-04-02,1610612738,1610612748,103,124
22401110,2025-04-02,1610612743,1610612759,106,113
22401109,2025-04-02,1610612742,1610612737,120,118
22401105,2025-04-02,1610612764,1610612758,116,111
22401101,2025-04-01,1610612749,1610612756,133,123
22401098,2025-04-01,1610612752,1610612755,105,91
22401100,2025-04-01,1610612763,1610612744,125,134
22401102,2025-04-01,1610612743,1610612750,139,140
22401099,2025-04-01,1610612741,1610612761,137,118
22401097,2025-04-01,1610612737,1610612757,113,127
22400988,2025-04-01,1610612759,1610612753,105,116
22401091,2025-03-31,1610612753,1610612746,87,96
22401095,2025-03-31,1610612742,1610612751,109,113
22401089,2025-03-31,1610612766,1610612762,110,106
22401094,2025-03-31,1610612760,1610612741,145,117
22401093,2025-03-31,1610612763,1610612738,103,117
22401092,2025-03-31,1610612764,1610612748,94,120
22401096,2025-03-31,1610612747,1610612745,104,98
22401090,2025-03-31,1610612754,1610612758,111,109
22401082,2025-03-30,1610612752,1610612757,110,93
22401081,2025-03-30,1610612739,1610612746,127,122
22401086,2025-03-30,1610612759,1610612744,106,148
22401084,2025-03-30,1610612750,1610612765,123,104
22401085,2025-03-30,1610612740,1610612766,98,94
22401087,2025-03-30,1610612755,1610612761,109,127
22401083,2025-03-30,1610612749,1610612737,124,145
22401088,2025-03-30,1610612756,1610612745,109,148
22401074,2025-03-29,1610612753,1610612758,121,91
22401079,2025-03-29,1610612760,1610612754,132,111
22401078,2025-03-29,1610612763,1610612747,127,134
22401075,2025-03-29,1610612764,1610612751,112,115
22401077,2025-03-29,1610612741,1610612742,119,120
22401080,2025-03-29,1610612759,1610612738,111,121
22401076,2025-03-29,1610612755,1610612748,95,118
22401071,2025-03-28,1610612750,1610612756,124,109
22401073,2025-03-28,1610612743,1610612762,129,93
22401069,2025-03-28,1610612761,1610612766,108,97
22401072,2025-03-28,1610612740,1610612744,95,111
22401067,2025-03-28,1610612765,1610612739,133,122
22401068,2025-03-28,1610612751,1610612746,100,132
22401070,2025-03-28,1610612749,1610612752,107,116
22401059,2025-03-27,1610612739,1610612759,124,116
22401063,2025-03-27,1610612741,1610612747,119,117
22401064,2025-03-27,1610612760,1610612763,125,104
22401065,2025-03-27,1610612762,1610612745,110,121
22401060,2025-03-27,1610612753,1610612742,92,101
22401062,2025-03-27,1610612748,1610612737,122,112
22401066,2025-03-27,1610612758,1610612757,128,107
22401061,2025-03-27,1610612764,1610612754,109,162
22401058,2025-03-26,1610612756,1610612738,102,132
22401054,2025-03-26,1610612751,1610612761,86,116
22401055,2025-03-26,1610612754,1610612747,119,120
22401057,2025-03-26,1610612743,1610612749,127,117
22401053,2025-03-26,1610612755,1610612764,114,119
22401056,2025-03-26,1610612752,1610612746,113,126
22401047,2025-03-25,1610612748,1610612744,112,86
22401051,2025-03-25,1610612757,1610612739,111,122
22401052,2025-03-25,1610612758,1610612760,105,121
22401049,2025-03-25,1610612745,1610612737,121,114
22401050,2025-03-25,1610612762,1610612763,103,140
22401048,2025-03-25,1610612752,1610612742,128,113
22401045,2025-03-25,1610612766,1610612753,104,111
22401046,2025-03-25,1610612765,1610612759,122,96
22401042,2025-03-24,1610612743,1610612741,119,129
22401038,2025-03-24,1610612753,1610612747,118,106
22401043,2025-03-24,1610612756,1610612749,108,106
22401037,2025-03-24,1610612754,1610612750,119,103
22401039,2025-03-24,1610612764,1610612761,104,112
22401044,2025-03-24,1610612758,1610612738,95,113
22401041,2025-03-24,1610612740,1610612755,112,99
22401040,2025-03-24,1610612751,1610612742,101,120
22401033,2025-03-23,1610612761,1610612759,89,123
22401029,2025-03-23,1610612765,1610612740,136,130
22401034,2025-03-23,1610612757,1610612738,116,129
22401035,2025-03-23,1610612745,1610612743,111,116
22401032,2025-03-23,1610612748,1610612766,122,105
22401030,2025-03-23,1610612762,1610612739,91,120
22401031,2025-03-23,1610612737,1610612755,132,119
22401036,2025-03-23,1610612746,1610612760,101,103
22401026,2025-03-22,1610612752,1610612764,122,103
22401027,2025-03-22,1610612758,1610612749,108,114
22401028,2025-03-22,1610612747,1610612741,115,146
22401025,2025-03-22,1610612737,1610612744,124,115
22401024,2025-03-22,1610612754,1610612751,108,103
22401016,2025-03-21,1610612750,1610612740,134,93
22401017,2025-03-21,1610612760,1610612766,141,106
22401022,2025-03-21,1610612757,1610612743,128,109
22401023,2025-03-21,1610612746,1610612763,128,108
22401015,2025-03-21,1610612748,1610612745,98,102
22401021,2025-03-21,1610612756,1610612739,123,112
22401018,2025-03-21,1610612759,1610612755,128,120
22401020,2025-03-21,1610612762,1610612738,99,121
22401014,2025-03-21,1610612764,1610612753,105,120
22401019,2025-03-21,1610612742,1610612765,123,117
22400996,2025-03-20,1610612747,1610612749,89,118
22401005,2025-03-20,1610612744,1610612761,117,114
22401011,2025-03-20,1610612754,1610612751,105,99
22401013,2025-03-20,1610612758,1610612741,116,128
22401010,2025-03-20,1610612766,1610612752,115,98
22401001,2025-03-19,1610612750,1610612740,115,119
22400999,2025-03-19,1610612753,1610612745,108,116
22401006,2025-03-19,1610612747,1610612743,120,108
22400627,2025-03-19,1610612762,1610612764,128,112
22401002,2025-03-19,1610612760,1610612755,133,100
22401008,2025-03-19,1610612757,1610612763,115,99
22401003,2025-03-19,1610612759,1610612752,120,105
22401009,2025-03-19,1610612758,1610612739,123,119
22401007,2025-03-19,1610612756,1610612741,127,121
22401000,2025-03-19,1610612748,1610612765,113,116
22400998,2025-03-19,1610612754,1610612742,135,131
22400997,2025-03-18,1610612746,1610612739,132,119
22400994,2025-03-18,1610612738,1610612751,104,96
22400993,2025-03-18,1610612766,1610612737,102,134
22401012,2025-03-18,1610612744,1610612749,104,93
22400991,2025-03-17,1610612756,1610612761,129,89
22400984,2025-03-17,1610612752,1610612748,116,95
22400987,2025-03-17,1610612740,1610612765,81,127
22400985,2025-03-17,1610612745,1610612755,144,137
22400992,2025-03-17,1610612758,1610612763,132,122
22400990,2025-03-17,1610612744,1610612743,105,114
22400986,2025-03-17,1610612750,1610612754,130,132
22400989,2025-03-17,1610612762,1610612741,97,111
22400995,2025-03-17,1610612757,1610612764,112,97
22400537,2025-03-17,1610612747,1610612759,0,0
22400980,2025-03-16,1610612757,1610612761,105,102
22400979,2025-03-16,1610612739,1610612753,103,108
22400978,2025-03-16,1610612751,1610612737,122,114
22400977,2025-03-16,1610612747,1610612756,107,96
22400982,2025-03-16,1610612749,1610612760,105,121
22400538,2025-03-16,1610612746,1610612766,123,88
22400976,2025-03-16,1610612742,1610612755,125,130
22400981,2025-03-16,1610612750,1610612762,128,102
22400970,2025-03-15,1610612745,1610612741,117,114
22400968,2025-03-15,1610612751,1610612738,113,115
22400973,2025-03-15,1610612759,1610612740,119,115
22400969,2025-03-15,1610612765,1610612760,107,113
22400972,2025-03-15,1610612749,1610612754,126,119
22400975,2025-03-15,1610612743,1610612764,123,126
22400971,2025-03-15,1610612763,1610612748,125,91
22400974,2025-03-15,1610612744,1610612752,97,94
22400959,2025-03-14,1610612755,1610612754,100,112
22400962,2025-03-14,1610612763,1610612739,124,133
22400964,2025-03-14,1610612759,1610612766,134,145
22400960,2025-03-14,1610612737,1610612746,98,121
22400966,2025-03-14,1610612762,1610612761,118,126
22400963,2025-03-14,1610612750,1610612753,118,111
22400958,2025-03-14,1610612748,1610612738,91,103
22400965,2025-03-14,1610612743,1610612747,131,126
22400961,2025-03-14,1610612745,1610612742,133,96
22400967,2025-03-14,1610612756,1610612758,122,106
22400957,2025-03-13,1610612744,1610612758,130,104
22400954,2025-03-13,1610612765,1610612764,125,129
22401141,2025-03-13,1610612740,1610612753,93,113
22400955,2025-03-13,1610612749,1610612747,126,106
22400956,2025-03-13,1610612741,1610612751,116,110
22400946,2025-03-12,1610612738,1610612760,112,118
22400949,2025-03-12,1610612745,1610612756,111,104
22400945,2025-03-12,1610612737,1610612766,123,110
22400948,2025-03-12,1610612748,1610612746,104,119
22400950,2025-03-12,1610612763,1610612762,122,115
22400951,2025-03-12,1610612759,1610612742,126,116
22400953,2025-03-12,1610612757,1610612752,113,114
22400947,2025-03-12,1610612761,1610612755,118,105
22400952,2025-03-12,1610612743,1610612750,95,115
22400941,2025-03-11,1610612765,1610612764,123,103
22400943,2025-03-11,1610612740,1610612746,127,120
22400940,2025-03-11,1610612739,1610612751,109,104
22400942,2025-03-11,1610612754,1610612749,115,114
22400935,2025-03-10,1610612763,1610612756,120,118
22400933,2025-03-10,1610612741,1610612754,121,103
22400929,2025-03-10,1610612738,1610612762,114,108
22400934,2025-03-10,1610612745,1610612753,97,84
22400928,2025-03-10,1610612737,1610612755,132,123
22400937,2025-03-10,1610612759,1610612742,129,133
22400939,2025-03-10,1610612758,1610612752,104,133
22400931,2025-03-10,1610612748,1610612766,102,105
22400936,2025-03-10,1610612760,1610612743,127,140
22400930,2025-03-10,1610612751,1610612747,111,108
22400938,2025-03-10,1610612744,1610612757,130,120
22400932,2025-03-10,1610612761,1610612764,119,104
22400923,2025-03-09,1610612740,1610612763,104,107
22400920,2025-03-09,1610612760,1610612743,127,103
22400921,2025-03-09,1610612742,1610612756,116,125
22400924,2025-03-09,1610612755,1610612762,126,122
22400927,2025-03-09,1610612746,1610612758,111,110
22400925,2025-03-09,1610612750,1610612759,141,124
22400922,2025-03-09,1610612749,1610612739,100,112
22400926,2025-03-09,1610612757,1610612765,112,119
22400917,2025-03-08,1610612749,1610612753,109,111
22400916,2025-03-08,1610612748,1610612741,109,114
22400919,2025-03-08,1610612744,1610612765,115,110
22400915,2025-03-08,1610612761,1610612764,117,118
22400913,2025-03-08,1610612745,1610612740,146,117
22400912,2025-03-08,1610612766,1610612751,105,102
22400914,2025-03-08,1610612737,1610612754,120,118
22400918,2025-03-08,1610612738,1610612747,111,101
22400905,2025-03-07,1610612761,1610612762,118,109
22400908,2025-03-07,1610612760,1610612757,107,89
22400904,2025-03-07,1610612766,1610612739,117,118
22400910,2025-03-07,1610612758,1610612759,127,109
22400911,2025-03-07,1610612746,1610612752,105,95
22400906,2025-03-07,1610612742,1610612763,111,122
22400909,2025-03-07,1610612743,1610612756,149,141
22400907,2025-03-07,1610612748,1610612750,104,106
22400900,2025-03-06,1610612738,1610612755,123,105
22400901,2025-03-06,1610612751,1610612744,119,121
22400899,2025-03-06,1610612737,1610612754,124,118
22400902,2025-03-06,1610612740,1610612745,97,109
22400944,2025-03-06,1610612753,1610612741,123,125
22400903,2025-03-06,1610612747,1610612752,113,109
22400897,2025-03-05,1610612749,1610612742,137,107
22400892,2025-03-05,1610612766,1610612750,110,125
22400894,2025-03-05,1610612764,1610612762,125,122
22400896,2025-03-05,1610612743,1610612758,116,110
22400895,2025-03-05,1610612763,1610612760,103,120
22400891,2025-03-05,1610612738,1610612757,128,118
22400893,2025-03-05,1610612739,1610612748,112,107
22400898,2025-03-05,1610612746,1610612765,123,115
22400886,2025-03-04,1610612741,1610612739,117,139
22400883,2025-03-04,1610612753,1610612761,113,114
22400888,2025-03-04,1610612759,1610612751,127,113
22400885,2025-03-04,1610612752,1610612744,102,114
22400890,2025-03-04,1610612747,1610612740,136,115
22400889,2025-03-04,1610612756,1610612746,119,117
22400887,2025-03-04,1610612750,1610612755,126,112
22400882,2025-03-04,1610612754,1610612745,115,102
22400884,2025-03-04,1610612737,1610612749,121,127
22400880,2025-03-03,1610612742,1610612758,98,122
22400878,2025-03-03,1610612763,1610612737,130,132
22400877,2025-03-03,1610612748,1610612764,106,90
22400881,2025-03-03,1610612762,1610612765,106,134
22400875,2025-03-03,1610612766,1610612744,101,119
22400879,2025-03-03,1610612760,1610612745,137,128
22400876,2025-03-03,1610612755,1610612757,102,119
22400872,2025-03-02,1610612762,1610612740,121,128
22400874,2025-03-02,1610612747,1610612746,108,102
22400866,2025-03-02,1610612738,1610612743,110,103
22400869,2025-03-02,1610612748,1610612752,112,116
22400867,2025-03-02,1610612739,1610612757,133,129
22400868,2025-03-02,1610612754,1610612741,127,112
22400873,2025-03-02,1610612756,1610612750,98,116
22400871,2025-03-02,1610612759,1610612760,132,146
22400870,2025-03-02,1610612753,1610612761,102,104
22400861,2025-03-01,1610612765,1610612751,115,94
22400862,2025-03-01,1610612745,1610612758,103,113
22400860,2025-03-01,1610612766,1610612764,100,113
22400864,2025-03-01,1610612755,1610612744,126,119
22400863,2025-03-01,1610612763,1610612759,128,130
22400865,2025-03-01,1610612742,1610612749,117,132
22400851,2025-02-28,1610612737,1610612760,119,135
22400859,2025-02-28,1610612747,1610612746,106,102
22400854,2025-02-28,1610612748,1610612754,125,120
22400850,2025-02-28,1610612765,1610612743,119,134
22400855,2025-02-28,1610612741,1610612761,125,115
22400858,2025-02-28,1610612762,1610612750,117,116
22400856,2025-02-28,1610612763,1610612752,113,114
22400857,2025-02-28,1610612756,1610612740,125,108
22400853,2025-02-28,1610612751,1610612757,102,121
22400852,2025-02-28,1610612738,1610612739,116,123
22400847,2025-02-27,1610612742,1610612766,103,96
22400848,2025-02-27,1610612756,1610612740,116,124
22400849,2025-02-27,1610612747,1610612750,111,102
22400845,2025-02-27,1610612753,1610612744,115,121
22400846,2025-02-27,1610612749,1610612743,121,112
22400836,2025-02-26,1610612765,1610612738,117,97
22400837,2025-02-26,1610612754,1610612761,111,91
22400838,2025-02-26,1610612752,1610612755,110,105
22400842,2025-02-26,1610612741,1610612746,117,122
22400839,2025-02-26,1610612764,1610612757,121,129
22400840,2025-02-26,1610612751,1610612760,121,129
22400844,2025-02-26,1610612745,1610612759,118,106
22400843,2025-02-26,1610612762,1610612758,101,118
22400841,2025-02-26,1610612748,1610612737,131,109
22400829,2025-02-25,1610612761,1610612738,101,111
22400830,2025-02-25,1610612753,1610612739,82,122
22400833,2025-02-25,1610612740,1610612759,109,103
22400832,2025-02-25,1610612763,1610612756,151,148
22400834,2025-02-25,1610612744,1610612766,128,92
22400835,2025-02-25,1610612747,1610612742,107,99
22400831,2025-02-25,1610612745,1610612749,100,97
22400824,2025-02-24,1610612764,1610612751,107,99
22400825,2025-02-24,1610612737,1610612748,98,86
22400826,2025-02-24,1610612760,1610612750,128,131
22400823,2025-02-24,1610612755,1610612741,110,142
22400828,2025-02-24,1610612758,1610612766,130,88
22400821,2025-02-24,1610612765,1610612746,106,97
22400827,2025-02-24,1610612762,1610612757,112,114
22400822,2025-02-24,1610612754,1610612743,116,125
22400816,2025-02-23,1610612761,1610612756,127,109
22400815,2025-02-23,1610612753,1610612764,110,90
22400811,2025-02-23,1610612738,1610612752,118,105
22400819,2025-02-23,1610612739,1610612763,129,123
22400818,2025-02-23,1610612740,1610612759,114,96
22400820,2025-02-23,1610612750,1610612760,123,130
22400812,2025-02-23,1610612744,1610612742,0,0
22400814,2025-02-23,1610612737,1610612765,143,148
22400817,2025-02-23,1610612749,1610612748,120,113
22400813,2025-02-23,1610612754,1610612746,129,111
22400808,2025-02-22,1610612743,1610612747,100,123
22400810,2025-02-22,1610612757,1610612766,141,88
22400806,2025-02-22,1610612741,1610612756,117,121
22400807,2025-02-22,1610612755,1610612751,103,105
22400809,2025-02-22,1610612762,1610612745,124,115
22400802,2025-02-21,1610612759,1610612765,110,125
22400804,2025-02-21,1610612762,1610612760,107,130
22400800,2025-02-21,1610612761,1610612748,111,120
22400797,2025-02-21,1610612739,1610612752,142,105
22400801,2025-02-21,1610612745,1610612750,121,115
22400805,2025-02-21,1610612758,1610612744,108,132
22400803,2025-02-21,1610612742,1610612740,111,103
22400798,2025-02-21,1610612753,1610612763,104,105
22400799,2025-02-21,1610612764,1610612749,101,104
22400796,2025-02-20,1610612757,1610612747,102,110
22400791,2025-02-20,1610612751,1610612739,97,110
22400795,2025-02-20,1610612759,1610612756,120,109
22400790,2025-02-20,1610612737,1610612753,108,114
22400789,2025-02-20,1610612755,1610612738,104,124
22400794,2025-02-20,1610612743,1610612766,129,115
22400788,2025-02-20,1610612754,1610612763,127,113
22400792,2025-02-20,1610612752,1610612741,113,111
22400793,2025-02-20,1610612749,1610612746,116,110
22400524,2025-02-19,1610612747,1610612766,97,100
22400784,2025-02-13,1610612745,1610612744,98,105
22401004,2025-02-13,1610612762,1610612746,116,120
22400785,2025-02-13,1610612740,1610612758,140,133
22400787,2025-02-13,1610612750,1610612760,116,101
22400786,2025-02-13,1610612742,1610612748,118,113
22400780,2025-02-12,1610612743,1610612757,132,121
22400771,2025-02-12,1610612764,1610612754,130,134
22400774,2025-02-12,1610612761,1610612739,108,131
22400781,2025-02-12,1610612762,1610612747,131,119
22400770,2025-02-12,1610612753,1610612766,102,86
22400769,2025-02-12,1610612738,1610612759,116,103
22400782,2025-02-12,1610612742,1610612744,111,107
22400773,2025-02-12,1610612752,1610612737,149,148
22400775,2025-02-12,1610612741,1610612765,110,128
22400772,2025-02-12,1610612751,1610612755,100,96
22400776,2025-02-12,1610612750,1610612749,101,103
22400779,2025-02-12,1610612745,1610612756,119,111
22400783,2025-02-12,1610612746,1610612763,128,114
22400778,2025-02-12,1610612760,1610612748,115,101
22400777,2025-02-12,1610612740,1610612758,111,119
22400766,2025-02-11,1610612741,1610612765,92,132
22400764,2025-02-11,1610612755,1610612761,103,106
22400765,2025-02-11,1610612754,1610612752,115,128
22400767,2025-02-11,1610612756,1610612763,112,119
22400763,2025-02-10,1610612743,1610612757,146,117
22400757,2025-02-10,1610612764,1610612759,121,131
22400756,2025-02-10,1610612753,1610612737,106,112
22400762,2025-02-10,1610612742,1610612758,128,129
22400761,2025-02-10,1610612760,1610612740,137,101
22400755,2025-02-10,1610612739,1610612750,128,107
22400760,2025-02-10,1610612749,1610612744,111,125
22400758,2025-02-10,1610612751,1610612766,97,89
22400768,2025-02-10,1610612747,1610612762,132,113
22400759,2025-02-10,1610612748,1610612738,85,103
22400754,2025-02-09,1610612749,1610612755,135,127
22400753,2025-02-09,1610612745,1610612761,94,87
22400752,2025-02-09,1610612765,1610612766,112,102
22400744,2025-02-08,1610612764,1610612737,111,125
22400743,2025-02-08,1610612753,1610612759,112,111
22400741,2025-02-08,1610612742,1610612745,116,105
22400745,2025-02-08,1610612741,1610612744,111,132
22400742,2025-02-08,1610612747,1610612754,124,117
22400748,2025-02-08,1610612752,1610612738,104,131
22400747,2025-02-08,1610612750,1610612757,114,98
22400751,2025-02-08,1610612746,1610612762,130,110
22400749,2025-02-08,1610612756,1610612743,105,122
22400746,2025-02-08,1610612763,1610612760,112,125
22400750,2025-02-08,1610612758,1610612740,123,118
22400735,2025-02-07,1610612764,1610612739,124,134
22400739,2025-02-07,1610612760,1610612761,121,109
22400737,2025-02-07,1610612751,1610612748,102,86
22400740,2025-02-07,1610612756,1610612762,135,127
22400738,2025-02-07,1610612765,1610612755,125,112
22400734,2025-02-07,1610612766,1610612759,117,116
22400736,2025-02-07,1610612737,1610612749,115,110
22400733,2025-02-06,1610612746,1610612754,112,119
22400732,2025-02-06,1610612757,1610612758,108,102
22400728,2025-02-06,1610612738,1610612742,120,127
22400731,2025-02-06,1610612747,1610612744,120,112
22400730,2025-02-06,1610612743,1610612753,112,90
22400729,2025-02-06,1610612750,1610612745,127,114
22400723,2025-02-05,1610612750,1610612741,127,108
22400727,2025-02-05,1610612758,1610612753,111,130
22400724,2025-02-05,1610612760,1610612756,140,109
22400718,2025-02-05,1610612765,1610612739,115,118
22400717,2025-02-05,1610612766,1610612749,102,112
22400725,2025-02-05,1610612762,1610612744,131,128
22400720,2025-02-05,1610612751,1610612764,102,119
22400726,2025-02-05,1610612743,1610612740,144,119
22400719,2025-02-05,1610612737,1610612759,125,126
22400722,2025-02-05,1610612761,1610612763,107,138
22400721,2025-02-05,1610612755,1610612748,101,108
22400710,2025-02-04,1610612739,1610612738,105,112
22400712,2025-02-04,1610612755,1610612742,118,116
22400714,2025-02-04,1610612741,1610612748,133,124
22400715,2025-02-04,1610612746,1610612747,97,122
22400716,2025-02-04,1610612757,1610612754,112,89
22400711,2025-02-04,1610612751,1610612745,99,97
22400713,2025-02-04,1610612761,1610612752,115,121
22400706,2025-02-03,1610612743,1610612740,125,113
22400704,2025-02-03,1610612750,1610612758,114,116
22400701,2025-02-03,1610612765,1610612737,130,132
22400703,2025-02-03,1610612763,1610612759,128,109
22400702,2025-02-03,1610612752,1610612745,124,118
22400705,2025-02-03,1610612760,1610612749,125,96
22400709,2025-02-03,1610612757,1610612756,121,119
22400708,2025-02-03,1610612744,1610612753,104,99
22400707,2025-02-03,1610612762,1610612754,111,112
22400700,2025-02-03,1610612766,1610612764,114,124
22400699,2025-02-02,1610612749,1610612763,119,132
22400698,2025-02-02,1610612755,1610612738,110,118
22400697,2025-02-02,1610612761,1610612746,115,108
22400696,2025-02-02,1610612739,1610612742,144,101
22400695,2025-02-02,1610612765,1610612741,127,119
22400688,2025-02-01,1610612766,1610612743,104,107
22400694,2025-02-01,1610612757,1610612756,127,108
22400690,2025-02-01,1610612750,1610612764,103,105
22400689,2025-02-01,1610612745,1610612751,98,110
22400692,2025-02-01,1610612752,1610612747,112,128
22400687,2025-02-01,1610612762,1610612753,113,99
22400693,2025-02-01,1610612759,1610612748,103,105
22400686,2025-02-01,1610612754,1610612737,132,127
22400691,2025-02-01,1610612760,1610612758,144,110
22400683,2025-01-31,1610612740,1610612738,116,118
22400680,2025-01-31,1610612765,1610612742,117,102
22400682,2025-01-31,1610612761,1610612741,106,122
22400684,2025-01-31,1610612759,1610612749,144,118
22400685,2025-01-31,1610612744,1610612756,105,130
22400679,2025-01-31,1610612766,1610612746,104,112
22400681,2025-01-31,1610612755,1610612743,134,137
22400674,2025-01-30,1610612764,1610612747,96,134
22400675,2025-01-30,1610612739,1610612737,137,115
22400677,2025-01-30,1610612762,1610612750,113,138
22400678,2025-01-30,1610612757,1610612753,119,90
22400676,2025-01-30,1610612763,1610612745,120,119
22400668,2025-01-29,1610612752,1610612743,122,112
22400665,2025-01-29,1610612764,1610612761,82,106
22400673,2025-01-29,1610612744,1610612760,116,109
22400670,2025-01-29,1610612740,1610612742,136,137
22400669,2025-01-29,1610612755,1610612758,117,104
22400666,2025-01-29,1610612738,1610612741,122,100
22400663,2025-01-29,1610612766,1610612751,83,104
22400664,2025-01-29,1610612754,1610612765,133,119
22400671,2025-01-29,1610612759,1610612746,116,128
22400667,2025-01-29,1610612748,1610612739,106,126
22400672,2025-01-29,1610612756,1610612750,113,121
22400661,2025-01-28,1610612744,1610612762,114,103
22400662,2025-01-28,1610612757,1610612749,125,112
22400660,2025-01-28,1610612755,1610612747,118,104
22400532,2025-01-28,1610612737,1610612745,96,100
22400651,2025-01-27,1610612751,1610612758,96,110
22400652,2025-01-27,1610612748,1610612753,125,119
22400650,2025-01-27,1610612738,1610612745,112,114
22400654,2025-01-27,1610612761,1610612740,113,104
22400655,2025-01-27,1610612741,1610612743,129,121
22400657,2025-01-27,1610612742,1610612764,130,108
22400656,2025-01-27,1610612750,1610612737,100,92
22400653,2025-01-27,1610612752,1610612763,143,106
22400649,2025-01-27,1610612739,1610612765,110,91
22400658,2025-01-27,1610612762,1610612749,110,125
22400648,2025-01-27,1610612766,1610612747,107,112
22400659,2025-01-27,1610612756,1610612746,111,109
22400647,2025-01-26,1610612757,1610612760,108,118
22400642,2025-01-25,1610612741,1610612755,97,109
22400646,2025-01-25,1610612746,1610612749,127,117
22400645,2025-01-25,1610612756,1610612764,119,109
22400636,2025-01-25,1610612751,1610612748,97,106
22400634,2025-01-25,1610612750,1610612743,133,104
22400639,2025-01-25,1610612737,1610612761,94,117
22400635,2025-01-25,1610612742,1610612738,107,122
22400641,2025-01-25,1610612752,1610612758,143,120
22400638,2025-01-25,1610612753,1610612765,121,113
22400644,2025-01-25,1610612744,1610612747,108,118
22400640,2025-01-25,1610612739,1610612745,131,135
22400633,2025-01-25,1610612759,1610612754,98,136
22400643,2025-01-25,1610612763,1610612762,125,103
22400637,2025-01-25,1610612766,1610612740,123,92
22400631,2025-01-24,1610612755,1610612739,132,129
22400632,2025-01-24,1610612763,1610612740,139,126
22400630,2025-01-24,1610612766,1610612757,97,102
22400624,2025-01-23,1610612749,1610612748,125,96
22400983,2025-01-23,1610612746,1610612764,110,93
22400629,2025-01-23,1610612747,1610612738,117,96
22400622,2025-01-23,1610612753,1610612757,79,101
22400628,2025-01-23,1610612744,1610612741,131,106
22400623,2025-01-23,1610612737,1610612761,119,122
22400625,2025-01-23,1610612760,1610612742,115,121
22400626,2025-01-23,1610612743,1610612758,132,123
22400621,2025-01-23,1610612754,1610612759,110,140
22400614,2025-01-22,1610612742,1610612750,114,115
22400618,2025-01-22,1610612760,1610612762,123,114
22400620,2025-01-22,1610612746,1610612738,113,117
22400613,2025-01-22,1610612751,1610612756,84,108
22400612,2025-01-22,1610612737,1610612765,104,114
22400616,2025-01-22,1610612763,1610612766,132,120
22400615,2025-01-22,1610612745,1610612739,109,108
22400619,2025-01-22,1610612758,1610612744,123,117
22400610,2025-01-21,1610612747,1610612764,111,88
22400606,2025-01-21,1610612751,1610612752,95,99
22400608,2025-01-21,1610612761,1610612753,109,93
22400609,2025-01-21,1610612743,1610612755,144,109
22400607,2025-01-21,1610612748,1610612757,107,116
22400604,2025-01-20,1610612744,1610612738,85,125
22400611,2025-01-20,1610612746,1610612741,99,112
22400599,2025-01-20,1610612766,1610612742,110,105
22400601,2025-01-20,1610612763,1610612750,108,106
22400600,2025-01-20,1610612745,1610612765,96,107
22400602,2025-01-20,1610612752,1610612737,119,110
22400605,2025-01-20,1610612740,1610612762,123,119
22400603,2025-01-20,1610612739,1610612756,118,92
22400592,2025-01-19,1610612748,1610612759,128,107
22400595,2025-01-19,1610612760,1610612751,127,101
22400597,2025-01-19,1610612757,1610612741,113,102
22400598,2025-01-19,1610612758,1610612764,123,100
22400594,2025-01-19,1610612749,1610612755,0,0
22400593,2025-01-19,1610612753,1610612743,100,113
22400596,2025-01-19,1610612746,1610612747,116,102
22400589,2025-01-18,1610612744,1610612764,122,114
22400587,2025-01-18,1610612738,1610612737,115,119
22400591,2025-01-18,1610612757,1610612745,103,125
22400586,2025-01-18,1610612765,1610612756,121,125
22400590,2025-01-18,1610612750,1610612739,117,124
22400588,2025-01-18,1610612754,1610612755,115,102
22400583,2025-01-17,1610612742,1610612760,106,98
22400584,2025-01-17,1610612741,1610612766,123,125
22400577,2025-01-17,1610612738,1610612753,121,94
22400581,2025-01-17,1610612740,1610612762,136,123
22400582,2025-01-17,1610612759,1610612763,112,140
22400580,2025-01-17,1610612749,1610612761,130,112
22400578,2025-01-17,1610612752,1610612750,99,116
22400579,2025-01-17,1610612748,1610612743,113,133
22400585,2025-01-17,1610612747,1610612751,102,101
22400576,2025-01-16,1610612758,1610612745,132,127
22400574,2025-01-16,1610612760,1610612739,134,114
22400575,2025-01-16,1610612757,1610612746,89,118
22400573,2025-01-16,1610612764,1610612756,123,130
22400572,2025-01-16,1610612765,1610612754,100,111
22400568,2025-01-15,1610612743,1610612745,108,128
22400561,2025-01-15,1610612755,1610612752,119,125
22400570,2025-01-15,1610612747,1610612748,117,108
22400566,2025-01-15,1610612740,1610612742,119,116
22400567,2025-01-15,1610612759,1610612763,115,129
22400565,2025-01-15,1610612750,1610612744,115,116
22400571,2025-01-15,1610612746,1610612751,126,67
22400564,2025-01-15,1610612749,1610612753,122,93
22400563,2025-01-15,1610612741,1610612737,94,110
22400569,2025-01-15,1610612762,1610612766,112,117
22400562,2025-01-15,1610612761,1610612738,110,97
22400559,2025-01-14,1610612742,1610612743,99,118
22400558,2025-01-14,1610612749,1610612758,130,115
22400560,2025-01-14,1610612757,1610612751,114,132
22400556,2025-01-14,1610612737,1610612756,122,117
22400555,2025-01-14,1610612755,1610612760,102,118
22400557,2025-01-14,1610612741,1610612740,113,119
22400554,2025-01-14,1610612754,1610612739,117,127
22400553,2025-01-13,1610612746,1610612748,109,98
22400549,2025-01-13,1610612752,1610612765,119,124
22400552,2025-01-13,1610612747,1610612759,102,126
22400550,2025-01-13,1610612761,1610612744,104,101
22400551,2025-01-13,1610612745,1610612763,120,118
22400548,2025-01-13,1610612764,1610612750,106,120
22400542,2025-01-12,1610612738,1610612740,120,119
22400547,2025-01-12,1610612756,1610612766,120,113
22400544,2025-01-12,1610612753,1610612755,104,99
22400539,2025-01-12,1610612752,1610612749,140,106
22400546,2025-01-12,1610612762,1610612751,112,111
22400541,2025-01-12,1610612741,1610612758,119,124
22400543,2025-01-12,1610612739,1610612754,93,108
22400545,2025-01-12,1610612764,1610612760,95,136
22400540,2025-01-12,1610612742,1610612743,101,112
22400536,2025-01-11,1610612757,1610612748,98,119
22400535,2025-01-11,1610612750,1610612763,125,127
22400533,2025-01-11,1610612756,1610612762,114,106
22400534,2025-01-11,1610612765,1610612761,123,114
22400531,2025-01-10,1610612743,1610612751,124,105
22400530,2025-01-10,1610612741,1610612764,138,105
22400529,2025-01-10,1610612752,1610612760,101,126
22400526,2025-01-10,1610612753,1610612749,106,109
22400525,2025-01-10,1610612754,1610612744,108,96
22400528,2025-01-10,1610612738,1610612758,97,114
22400527,2025-01-10,1610612755,1610612740,115,123
22400518,2025-01-09,1610612765,1610612744,104,107
22400523,2025-01-09,1610612762,1610612748,92,97
22400519,2025-01-09,1610612753,1610612750,89,104
22400520,2025-01-09,1610612763,1610612745,115,119
22400517,2025-01-09,1610612739,1610612761,132,126
22400522,2025-01-09,1610612756,1610612737,123,115
22400521,2025-01-09,1610612742,1610612757,117,111
22400512,2025-01-08,1610612755,1610612764,109,103
22400514,2025-01-08,1610612740,1610612757,100,119
22400511,2025-01-08,1610612752,1610612761,112,98
22400510,2025-01-08,1610612754,1610612741,129,113
22400513,2025-01-08,1610612751,1610612765,98,113
22400509,2025-01-08,1610612739,1610612760,129,122
22400516,2025-01-08,1610612749,1610612759,121,105
22400515,2025-01-08,1610612743,1610612746,126,103
22400505,2025-01-07,1610612740,1610612750,97,104
22400504,2025-01-07,1610612742,1610612747,118,97
22400508,2025-01-07,1610612744,1610612748,98,114
22400506,2025-01-07,1610612762,1610612737,121,124
22400507,2025-01-07,1610612743,1610612738,106,118
22400502,2025-01-07,1610612766,1610612756,115,104
22400503,2025-01-07,1610612764,1610612745,112,135
22400497,2025-01-06,1610612761,1610612749,104,128
22400495,2025-01-06,1610612751,1610612754,99,113
22400500,2025-01-06,1610612750,1610612746,108,106
22400501,2025-01-06,1610612758,1610612748,123,118
22400499,2025-01-06,1610612763,1610612742,119,104
22400494,2025-01-06,1610612755,1610612756,99,109
22400498,2025-01-06,1610612741,1610612759,114,110
22400493,2025-01-06,1610612765,1610612757,118,115
22400496,2025-01-06,1610612752,1610612753,94,103
22400490,2025-01-05,1610612753,1610612762,92,105
22400489,2025-01-05,1610612764,1610612740,98,110
22400487,2025-01-05,1610612760,1610612738,105,92
22400488,2025-01-05,1610612739,1610612766,115,105
22400491,2025-01-05,1610612745,1610612747,119,115
22400492,2025-01-05,1610612744,1610612758,99,129
22400482,2025-01-04,1610612741,1610612752,139,126
22400480,2025-01-04,1610612754,1610612756,126,108
22400478,2025-01-04,1610612751,1610612755,94,123
22400484,2025-01-04,1610612759,1610612743,111,122
22400486,2025-01-04,1610612746,1610612737,131,105
22400485,2025-01-04,1610612744,1610612763,121,113
22400483,2025-01-04,1610612749,1610612757,102,105
22400479,2025-01-04,1610612765,1610612750,119,105
22400481,2025-01-04,1610612748,1610612762,100,136
22400476,2025-01-03,1610612758,1610612763,138,133
22400470,2025-01-03,1610612761,1610612753,97,106
22400473,2025-01-03,1610612760,1610612752,117,107
22400477,2025-01-03,1610612747,1610612737,119,102
22400471,2025-01-03,1610612745,1610612738,86,109
22400475,2025-01-03,1610612743,1610612759,110,113
22400469,2025-01-03,1610612765,1610612766,98,94
22400474,2025-01-03,1610612742,1610612739,122,134
22400472,2025-01-03,1610612740,1610612764,132,120
22400464,2025-01-02,1610612750,1610612738,115,118
22400463,2025-01-02,1610612748,1610612754,115,128
22400466,2025-01-02,1610612760,1610612746,116,98
22400468,2025-01-02,1610612747,1610612757,114,106
22400465,2025-01-02,1610612749,1610612751,110,113
22400467,2025-01-02,1610612744,1610612755,139,105
22400459,2025-01-01,1610612761,1610612751,130,113
22400457,2025-01-01,1610612748,1610612740,119,108
22400455,2025-01-01,1610612765,1610612753,105,96
22400458,2025-01-01,1610612752,1610612762,119,103
22400462,2025-01-01,1610612758,1610612755,113,107
22400460,2025-01-01,1610612745,1610612742,110,99
22400456,2025-01-01,1610612764,1610612741,125,107
22400461,2025-01-01,1610612743,1610612737,139,120
22400454,2024-12-31,1610612747,1610612739,110,122
22400451,2024-12-31,1610612759,1610612746,122,86
22400453,2024-12-31,1610612756,1610612763,112,117
22400450,2024-12-31,1610612754,1610612749,112,120
22400452,2024-12-31,1610612760,1610612750,113,105
22400449,2024-12-31,1610612738,1610612761,125,71
22400445,2024-12-30,1610612762,1610612743,121,132
22400447,2024-12-30,1610612757,1610612755,103,125
22400443,2024-12-30,1610612764,1610612752,106,126
22400444,2024-12-30,1610612740,1610612746,113,116
22400442,2024-12-30,1610612766,1610612741,108,115
22400448,2024-12-30,1610612758,1610612742,110,100
22400446,2024-12-30,1610612744,1610612739,95,113
22400440,2024-12-29,1610612760,1610612763,130,106
22400439,2024-12-29,1610612745,1610612748,100,104
22400441,2024-12-29,1610612750,1610612759,112,110
22400438,2024-12-29,1610612761,1610612737,107,136
22400437,2024-12-29,1610612738,1610612754,114,123
22400436,2024-12-29,1610612753,1610612751,102,101
22400428,2024-12-28,1610612766,1610612760,94,106
22400433,2024-12-28,1610612762,1610612755,111,114
22400427,2024-12-28,1610612737,1610612748,120,110
22400431,2024-12-28,1610612744,1610612756,109,105
22400435,2024-12-28,1610612747,1610612758,132,122
22400432,2024-12-28,1610612743,1610612765,134,121
22400430,2024-12-28,1610612741,1610612749,116,111
22400434,2024-12-28,1610612757,1610612742,126,122
22400429,2024-12-28,1610612764,1610612752,132,136
22400420,2024-12-27,1610612738,1610612754,142,105
22400424,2024-12-27,1610612743,1610612739,135,149
22400425,2024-12-27,1610612756,1610612742,89,98
22400421,2024-12-27,1610612751,1610612759,87,96
22400426,2024-12-27,1610612746,1610612744,102,92
22400423,2024-12-27,1610612740,1610612763,124,132
22400419,2024-12-27,1610612753,1610612752,85,108
22400422,2024-12-27,1610612745,1610612750,112,113
22400414,2024-12-26,1610612763,1610612761,155,126
22400415,2024-12-26,1610612749,1610612751,105,111
22400413,2024-12-26,1610612737,1610612741,141,133
22400417,2024-12-26,1610612757,1610612762,122,120
22400411,2024-12-26,1610612753,1610612748,88,89
22400412,2024-12-26,1610612764,1610612766,113,110
22400418,2024-12-26,1610612758,1610612765,113,114
22400416,2024-12-26,1610612740,1610612745,111,128
22400410,2024-12-26,1610612754,1610612760,114,120
22400409,2024-12-25,1610612756,1610612743,110,100
22400405,2024-12-25,1610612752,1610612759,117,114
22400406,2024-12-25,1610612742,1610612750,99,105
22400408,2024-12-25,1610612744,1610612747,113,115
22400407,2024-12-25,1610612738,1610612755,114,118
22400401,2024-12-23,1610612742,1610612757,132,108
22400396,2024-12-23,1610612748,1610612751,110,95
22400394,2024-12-23,1610612755,1610612759,111,106
22400404,2024-12-23,1610612747,1610612765,114,117
22400399,2024-12-23,1610612763,1610612746,110,114
22400400,2024-12-23,1610612760,1610612764,123,105
22400391,2024-12-23,1610612766,1610612745,101,114
22400403,2024-12-23,1610612744,1610612754,105,111
22400398,2024-12-23,1610612741,1610612749,91,112
22400402,2024-12-23,1610612743,1610612756,117,90
22400397,2024-12-23,1610612752,1610612761,139,125
22400393,2024-12-23,1610612753,1610612738,108,104
22400395,2024-12-23,1610612737,1610612750,117,104
22400392,2024-12-23,1610612739,1610612762,124,113
22400390,2024-12-22,1610612740,1610612743,129,132
22400388,2024-12-22,1610612761,1610612745,110,114
22400389,2024-12-22,1610612758,1610612754,95,122
22400386,2024-12-21,1610612759,1610612757,114,94
22400384,2024-12-21,1610612740,1610612752,93,104
22400378,2024-12-21,1610612737,1610612763,112,128
22400387,2024-12-21,1610612756,1610612765,125,133
22400382,2024-12-21,1610612749,1610612764,112,101
22400380,2024-12-21,1610612739,1610612755,126,99
22400377,2024-12-21,1610612753,1610612748,121,114
22400383,2024-12-21,1610612750,1610612744,103,113
22400376,2024-12-21,1610612758,1610612747,99,103
22400381,2024-12-21,1610612741,1610612738,98,123
22400379,2024-12-21,1610612751,1610612762,94,105
22400385,2024-12-21,1610612742,1610612746,113,97
22400375,2024-12-20,1610612748,1610612760,97,104
22400374,2024-12-20,1610612739,1610612749,124,101
22400373,2024-12-20,1610612755,1610612766,108,98
22400367,2024-12-19,1610612750,1610612752,107,133
22400365,2024-12-19,1610612745,1610612740,133,113
22400369,2024-12-19,1610612756,1610612754,111,120
22400364,2024-12-19,1610612761,1610612751,94,101
22400366,2024-12-19,1610612763,1610612744,144,93
22400372,2024-12-19,1610612758,1610612747,100,113
22400370,2024-12-19,1610612759,1610612737,133,126
22400368,2024-12-19,1610612742,1610612746,95,118
22400371,2024-12-19,1610612757,1610612743,126,124
22400360,2024-12-19,1610612765,1610612762,119,126
22400362,2024-12-19,1610612764,1610612766,123,114
22400361,2024-12-19,1610612753,1610612760,99,105
22400363,2024-12-19,1610612738,1610612741,108,117
22401226,2024-12-16,1610612746,1610612762,144,107
22401224,2024-12-16,1610612751,1610612739,101,130
22401225,2024-12-16,1610612758,1610612743,129,130
22401222,2024-12-16,1610612766,1610612755,108,121
22401223,2024-12-16,1610612761,1610612741,121,122
22401221,2024-12-16,1610612765,1610612748,125,124
22401228,2024-12-15,1610612744,1610612742,133,143
22401227,2024-12-15,1610612753,1610612752,91,100
22401218,2024-12-15,1610612759,1610612750,92,106
22401219,2024-12-15,1610612756,1610612757,116,109
22401220,2024-12-15,1610612747,1610612763,116,110
22401216,2024-12-15,1610612754,1610612740,119,104
22401217,2024-12-15,1610612764,1610612738,98,112
22401230,2024-12-14,1610612760,1610612745,111,96
22401229,2024-12-14,1610612749,1610612737,110,102
22401212,2024-12-13,1610612741,1610612766,109,95
22401213,2024-12-13,1610612743,1610612746,120,98
22401214,2024-12-13,1610612762,1610612756,126,134
22401211,2024-12-13,1610612763,1610612751,135,119
22401208,2024-12-13,1610612739,1610612764,115,105
22401215,2024-12-13,1610612757,1610612759,116,118
22401209,2024-12-13,1610612755,1610612754,107,121
22401210,2024-12-13,1610612750,1610612747,97,87
22401207,2024-12-12,1610612740,1610612758,109,111
22401205,2024-12-12,1610612738,1610612765,123,99
22401206,2024-12-12,1610612748,1610612761,114,104
22401204,2024-12-11,1610612745,1610612744,91,90
22401202,2024-12-11,1610612752,1610612737,100,108
22401203,2024-12-10,1610612760,1610612742,118,104
22401201,2024-12-10,1610612749,1610612753,114,109
22400359,2024-12-09,1610612761,1610612752,108,113
22400353,2024-12-08,1610612764,1610612763,112,140
22400358,2024-12-08,1610612747,1610612757,0,0
22400357,2024-12-08,1610612758,1610612762,141,97
22400347,2024-12-08,1610612741,1610612755,100,108
22400348,2024-12-08,1610612751,1610612749,113,118
22400351,2024-12-08,1610612748,1610612739,122,113
22400349,2024-12-08,1610612754,1610612766,109,113
22400356,2024-12-08,1610612746,1610612745,106,117
22400350,2024-12-08,1610612737,1610612743,111,141
22400352,2024-12-08,1610612753,1610612756,115,110
22400354,2024-12-08,1610612759,1610612740,121,116
22400355,2024-12-08,1610612744,1610612750,114,106
22400342,2024-12-07,1610612740,1610612760,109,119
22400346,2024-12-07,1610612748,1610612756,121,111
22400344,2024-12-07,1610612761,1610612742,118,125
22400345,2024-12-07,1610612738,1610612763,121,127
22400340,2024-12-07,1610612766,1610612739,102,116
22400343,2024-12-07,1610612752,1610612765,111,120
22400341,2024-12-07,1610612764,1610612743,122,113
22400339,2024-12-06,1610612757,1610612762,99,141
22400338,2024-12-06,1610612744,1610612750,90,107
22400334,2024-12-06,1610612737,1610612747,134,132
22400336,2024-12-06,1610612741,1610612754,123,132
22400335,2024-12-06,1610612738,1610612749,111,105
22400333,2024-12-06,1610612755,1610612753,102,94
22400337,2024-12-06,1610612759,1610612758,113,140
22400330,2024-12-05,1610612740,1610612756,126,124
22400328,2024-12-05,1610612761,1610612760,92,129
22400332,2024-12-05,1610612744,1610612745,99,93
22400331,2024-12-05,1610612759,1610612741,124,139
22400329,2024-12-05,1610612763,1610612758,115,110
22400325,2024-12-05,1610612739,1610612743,126,114
22400326,2024-12-05,1610612764,1610612742,101,137
22400327,2024-12-05,1610612752,1610612766,125,101
22400321,2024-12-04,1610612748,1610612747,134,93
22400320,2024-12-04,1610612751,1610612754,99,90
22400323,2024-12-04,1610612749,1610612737,104,119
22400319,2024-12-04,1610612738,1610612765,130,120
22400322,2024-12-04,1610612755,1610612753,102,106
22400324,2024-12-04,1610612746,1610612750,80,108
22400057,2024-12-03,1610612756,1610612759,104,93
22400054,2024-12-03,1610612761,1610612754,122,111
22400055,2024-12-03,1610612760,1610612762,133,106
22400059,2024-12-03,1610612758,1610612745,120,111
22400051,2024-12-03,1610612739,1610612764,118,87
22400060,2024-12-03,1610612746,1610612757,127,105
22400052,2024-12-03,1610612765,1610612749,107,128
22400058,2024-12-03,1610612743,1610612744,119,115
22400053,2024-12-03,1610612752,1610612753,121,106
22400056,2024-12-03,1610612742,1610612763,121,116
22400050,2024-12-03,1610612766,1610612755,104,110
22400318,2024-12-02,1610612750,1610612747,109,80
22400317,2024-12-02,1610612741,1610612751,128,102
22400315,2024-12-02,1610612737,1610612740,124,112
22400316,2024-12-02,1610612738,1610612748,108,89
22400312,2024-12-01,1610612757,1610612742,131,137
22400313,2024-12-01,1610612758,1610612759,125,127
22400305,2024-12-01,1610612751,1610612753,92,100
22400309,2024-12-01,1610612761,1610612748,119,116
22400307,2024-12-01,1610612739,1610612738,115,111
22400311,2024-12-01,1610612762,1610612747,104,105
22400308,2024-12-01,1610612752,1610612740,118,85
22400306,2024-12-01,1610612763,1610612754,136,121
22400314,2024-12-01,1610612746,1610612743,126,122
22400310,2024-12-01,1610612745,1610612760,119,116
22400302,2024-11-30,1610612749,1610612764,124,114
22400303,2024-11-30,1610612756,1610612744,113,105
22400301,2024-11-30,1610612765,1610612755,96,111
22400304,2024-11-30,1610612762,1610612742,94,106
22400300,2024-11-30,1610612766,1610612737,104,107
22400041,2024-11-29,1610612737,1610612739,117,101
22400046,2024-11-29,1610612748,1610612761,121,111
22400048,2024-11-29,1610612747,1610612760,93,101
22400049,2024-11-29,1610612757,1610612758,115,106
22400040,2024-11-29,1610612766,1610612752,98,99
22400043,2024-11-29,1610612751,1610612753,100,123
22400045,2024-11-29,1610612754,1610612765,106,130
22400042,2024-11-29,1610612763,1610612740,120,109
22400047,2024-11-29,1610612741,1610612738,129,138
22400044,2024-11-29,1610612750,1610612746,93,92
22400299,2024-11-27,1610612744,1610612760,101,105
22400287,2024-11-27,1610612739,1610612737,124,135
22400294,2024-11-27,1610612750,1610612758,104,115
22400293,2024-11-27,1610612763,1610612765,131,111
22400291,2024-11-27,1610612764,1610612746,96,121
22400288,2024-11-27,1610612754,1610612757,121,114
22400295,2024-11-27,1610612740,1610612761,93,119
22400298,2024-11-27,1610612762,1610612743,103,122
22400290,2024-11-27,1610612755,1610612745,115,122
22400297,2024-11-27,1610612756,1610612751,117,127
22400296,2024-11-27,1610612759,1610612747,101,119
22400292,2024-11-27,1610612742,1610612752,129,114
22400289,2024-11-27,1610612753,1610612741,133,119
22400286,2024-11-27,1610612766,1610612748,94,98
22400036,2024-11-26,1610612748,1610612749,103,106
22400035,2024-11-26,1610612764,1610612741,108,127
22400037,2024-11-26,1610612750,1610612745,111,117
22400038,2024-11-26,1610612762,1610612759,115,128
22400039,2024-11-26,1610612756,1610612747,127,100
22400284,2024-11-25,1610612744,1610612751,120,128
22400285,2024-11-25,1610612758,1610612760,109,130
22400278,2024-11-25,1610612765,1610612761,102,100
22400280,2024-11-25,1610612737,1610612742,119,129
22400283,2024-11-25,1610612743,1610612752,118,145
22400279,2024-11-25,1610612754,1610612740,114,110
22400282,2024-11-25,1610612763,1610612757,123,98
22400277,2024-11-25,1610612766,1610612753,84,95
22400281,2024-11-25,1610612738,1610612746,126,94
22400275,2024-11-24,1610612739,1610612761,122,108
22400272,2024-11-24,1610612754,1610612764,115,103
22400271,2024-11-24,1610612738,1610612750,107,105
22400276,2024-11-24,1610612758,1610612751,103,108
22400273,2024-11-24,1610612748,1610612742,123,118
22400274,2024-11-24,1610612755,1610612746,99,125
22400269,2024-11-23,1610612759,1610612744,104,94
22400270,2024-11-23,1610612747,1610612743,102,127
22400267,2024-11-23,1610612745,1610612757,98,104
22400268,2024-11-23,1610612749,1610612766,125,119
22400266,2024-11-23,1610612741,1610612763,131,142
22400264,2024-11-23,1610612762,1610612752,121,106
22400265,2024-11-23,1610612753,1610612765,111,100
22400030,2024-11-22,1610612741,1610612737,136,122
22400027,2024-11-22,1610612755,1610612751,113,98
22400034,2024-11-22,1610612746,1610612758,104,88
22400031,2024-11-22,1610612745,1610612757,116,88
22400028,2024-11-22,1610612764,1610612738,96,108
22400029,2024-11-22,1610612749,1610612754,129,117
22400032,2024-11-22,1610612740,1610612744,108,112
22400033,2024-11-22,1610612743,1610612742,120,123
22400262,2024-11-21,1610612759,1610612762,126,118
22400263,2024-11-21,1610612747,1610612753,118,119
22400261,2024-11-21,1610612761,1610612750,110,105
22400260,2024-11-21,1610612766,1610612765,123,121
22400253,2024-11-20,1610612749,1610612741,122,106
22400258,2024-11-20,1610612744,1610612737,120,97
22400257,2024-11-20,1610612756,1610612752,122,138
22400256,2024-11-20,1610612760,1610612757,109,99
22400252,2024-11-20,1610612739,1610612740,128,100
22400259,2024-11-20,1610612746,1610612753,104,93
22400254,2024-11-20,1610612745,1610612754,130,113
22400255,2024-11-20,1610612763,1610612755,117,111
22400023,2024-11-19,1610612763,1610612743,110,122
22400026,2024-11-19,1610612747,1610612762,124,118
22400021,2024-11-19,1610612738,1610612739,120,117
22400022,2024-11-19,1610612751,1610612766,116,115
22400024,2024-11-19,1610612742,1610612740,132,91
22400025,2024-11-19,1610612759,1610612760,110,104
22400250,2024-11-18,1610612758,1610612737,108,109
22400245,2024-11-18,1610612748,1610612755,106,89
22400251,2024-11-18,1610612746,1610612744,102,99
22400246,2024-11-18,1610612752,1610612764,134,106
22400247,2024-11-18,1610612761,1610612754,130,119
22400248,2024-11-18,1610612749,1610612745,101,100
22400249,2024-11-18,1610612756,1610612753,99,109
22400244,2024-11-18,1610612765,1610612741,112,122
22400238,2024-11-17,1610612763,1610612743,105,90
22400235,2024-11-17,1610612754,1610612748,119,110
22400236,2024-11-17,1610612739,1610612766,128,114
22400241,2024-11-17,1610612741,1610612745,107,143
22400239,2024-11-17,1610612757,1610612737,114,110
22400243,2024-11-17,1610612746,1610612762,116,105
22400234,2024-11-17,1610612750,1610612756,120,117
22400237,2024-11-17,1610612764,1610612765,104,124
22400242,2024-11-17,1610612760,1610612742,119,121
22400240,2024-11-17,1610612752,1610612751,114,104
22400233,2024-11-16,1610612758,1610612762,121,117
22400230,2024-11-16,1610612738,1610612761,126,123
22400232,2024-11-16,1610612742,1610612759,110,93
22400229,2024-11-16,1610612766,1610612749,115,114
22400231,2024-11-16,1610612740,1610612747,99,104
22400020,2024-11-15,1610612758,1610612750,126,130
22400013,2024-11-15,1610612739,1610612741,144,126
22400012,2024-11-15,1610612737,1610612764,129,117
22400015,2024-11-15,1610612759,1610612747,115,120
22400017,2024-11-15,1610612740,1610612743,101,94
22400009,2024-11-15,1610612754,1610612748,111,124
22400011,2024-11-15,1610612761,1610612765,95,99
22400010,2024-11-15,1610612753,1610612755,98,86
22400016,2024-11-15,1610612745,1610612746,125,104
22400014,2024-11-15,1610612752,1610612751,124,122
22400019,2024-11-15,1610612744,1610612763,123,118
22400018,2024-11-15,1610612760,1610612756,99,83
22400228,2024-11-14,1610612762,1610612742,115,113
22400220,2024-11-13,1610612755,1610612739,106,114
22400217,2024-11-13,1610612753,1610612754,94,90
22400222,2024-11-13,1610612745,1610612746,111,103
22400227,2024-11-13,1610612758,1610612756,127,104
22400223,2024-11-13,1610612749,1610612765,127,120
22400219,2024-11-13,1610612752,1610612741,123,124
22400224,2024-11-13,1610612759,1610612764,139,130
22400226,2024-11-13,1610612757,1610612750,106,98
22400218,2024-11-13,1610612751,1610612738,114,139
22400225,2024-11-13,1610612747,1610612763,128,123
22400221,2024-11-13,1610612760,1610612740,106,88
22400003,2024-11-12,1610612753,1610612766,114,89
22400008,2024-11-12,1610612757,1610612750,122,108
22400002,2024-11-12,1610612765,1610612748,123,121
22400006,2024-11-12,1610612762,1610612756,112,120
22400004,2024-11-12,1610612755,1610612752,99,111
22400007,2024-11-12,1610612744,1610612742,120,117
22400005,2024-11-12,1610612749,1610612761,99,85
22400001,2024-11-12,1610612738,1610612737,116,117
22400214,2024-11-11,1610612740,1610612751,105,107
22400213,2024-11-11,1610612745,1610612764,107,92
22400216,2024-11-11,1610612759,1610612758,116,96
22400212,2024-11-11,1610612741,1610612739,113,119
22400215,2024-11-11,1610612760,1610612746,134,128
22400209,2024-11-10,1610612756,1610612758,118,127
22400203,2024-11-10,1610612754,1610612752,132,121
22400202,2024-11-10,1610612749,1610612738,107,113
22400205,2024-11-10,1610612755,1610612766,107,105
22400201,2024-11-10,1610612765,1610612745,99,101
22400204,2024-11-10,1610612753,1610612764,121,94
22400207,2024-11-10,1610612760,1610612744,116,127
22400210,2024-11-10,1610612757,1610612763,89,134
22400206,2024-11-10,1610612750,1610612748,94,95
22400211,2024-11-10,1610612747,1610612761,123,103
22400208,2024-11-10,1610612743,1610612742,122,120
22400198,2024-11-09,1610612737,1610612741,113,125
22400199,2024-11-09,1610612739,1610612751,105,100
22400197,2024-11-09,1610612759,1610612762,110,111
22400200,2024-11-09,1610612746,1610612761,105,103
22400195,2024-11-08,1610612747,1610612755,116,106
22400193,2024-11-08,1610612750,1610612757,127,102
22400186,2024-11-08,1610612753,1610612740,115,88
22400185,2024-11-08,1610612765,1610612737,122,121
22400196,2024-11-08,1610612758,1610612746,98,107
22400184,2024-11-08,1610612766,1610612754,103,83
22400189,2024-11-08,1610612752,1610612749,116,94
22400190,2024-11-08,1610612742,1610612756,113,114
22400192,2024-11-08,1610612760,1610612745,126,107
22400194,2024-11-08,1610612743,1610612748,135,122
22400191,2024-11-08,1610612763,1610612764,128,104
22400188,2024-11-08,1610612739,1610612744,136,117
22400187,2024-11-08,1610612738,1610612751,108,104
22400181,2024-11-07,1610612741,1610612750,119,135
22400183,2024-11-07,1610612759,1610612757,118,105
22400182,2024-11-07,1610612749,1610612762,123,100
22400177,2024-11-06,1610612743,1610612760,124,122
22400172,2024-11-06,1610612738,1610612744,112,118
22400179,2024-11-06,1610612746,1610612755,110,98
22400171,2024-11-06,1610612737,1610612752,121,116
22400176,2024-11-06,1610612742,1610612741,119,99
22400170,2024-11-06,1610612754,1610612753,118,111
22400178,2024-11-06,1610612756,1610612748,115,112
22400173,2024-11-06,1610612745,1610612759,127,100
22400180,2024-11-06,1610612758,1610612761,122,107
22400174,2024-11-06,1610612763,1610612747,131,114
22400169,2024-11-06,1610612766,1610612765,108,107
22400175,2024-11-06,1610612740,1610612739,122,131
22400159,2024-11-04,1610612748,1610612758,110,111
22400166,2024-11-04,1610612743,1610612761,121,119
22400168,2024-11-04,1610612746,1610612759,113,104
22400161,2024-11-04,1610612745,1610612752,109,97
22400167,2024-11-04,1610612756,1610612755,118,116
22400157,2024-11-04,1610612737,1610612738,93,123
22400154,2024-11-04,1610612739,1610612749,116,114
22400160,2024-11-04,1610612741,1610612762,126,135
22400155,2024-11-04,1610612764,1610612744,112,125
22400156,2024-11-04,1610612765,1610612747,115,103
22400162,2024-11-04,1610612750,1610612766,114,93
22400165,2024-11-04,1610612742,1610612754,127,134
22400158,2024-11-04,1610612751,1610612763,106,104
22400164,2024-11-04,1610612740,1610612757,100,118
22400163,2024-11-04,1610612760,1610612753,102,86
22400152,2024-11-03,1610612740,1610612737,111,126
22400153,2024-11-03,1610612742,1610612753,108,85
22400151,2024-11-03,1610612751,1610612765,92,106
22400149,2024-11-02,1610612756,1610612757,103,97
22400144,2024-11-02,1610612745,1610612744,121,127
22400148,2024-11-02,1610612743,1610612762,129,103
22400142,2024-11-02,1610612755,1610612763,107,124
22400143,2024-11-02,1610612761,1610612758,131,128
22400147,2024-11-02,1610612764,1610612748,98,118
22400141,2024-11-02,1610612766,1610612738,103,113
22400150,2024-11-02,1610612746,1610612760,92,105
22400145,2024-11-02,1610612749,1610612739,113,114
22400146,2024-11-02,1610612759,1610612750,113,103
22400140,2024-11-01,1610612757,1610612760,114,137
22400138,2024-11-01,1610612740,1610612754,125,118
22400135,2024-11-01,1610612737,1610612758,115,123
22400136,2024-11-01,1610612751,1610612741,120,112
22400139,2024-11-01,1610612750,1610612743,119,116
22400133,2024-11-01,1610612739,1610612753,120,109
22400132,2024-11-01,1610612766,1610612738,109,124
22400137,2024-11-01,1610612761,1610612747,125,131
22400134,2024-11-01,1610612765,1610612752,98,128
22400131,2024-10-31,1610612746,1610612756,119,125
22400128,2024-10-31,1610612763,1610612749,122,99
22400130,2024-10-31,1610612762,1610612759,88,106
22400129,2024-10-31,1610612742,1610612745,102,108
22400121,2024-10-30,1610612764,1610612737,133,120
22400126,2024-10-30,1610612744,1610612740,104,89
22400119,2024-10-30,1610612754,1610612738,135,132
22400123,2024-10-30,1610612741,1610612753,102,99
22400120,2024-10-30,1610612755,1610612765,95,105
22400122,2024-10-30,1610612748,1610612752,107,116
22400124,2024-10-30,1610612763,1610612751,106,119
22400118,2024-10-30,1610612739,1610612747,134,110
22400125,2024-10-30,1610612760,1610612759,105,93
22400127,2024-10-30,1610612746,1610612757,105,106
22400117,2024-10-30,1610612766,1610612761,138,133
22400116,2024-10-29,1610612744,1610612740,124,106
22400113,2024-10-29,1610612751,1610612743,139,144
22400115,2024-10-29,1610612762,1610612758,96,113
22400114,2024-10-29,1610612750,1610612742,114,120
22400106,2024-10-28,1610612752,1610612739,104,110
22400102,2024-10-28,1610612753,1610612754,119,115
22400107,2024-10-28,1610612761,1610612743,125,127
22400103,2024-10-28,1610612737,1610612764,119,121
22400108,2024-10-28,1610612763,1610612741,123,126
22400112,2024-10-28,1610612758,1610612757,111,98
22400109,2024-10-28,1610612759,1610612745,101,106
22400111,2024-10-28,1610612756,1610612747,109,105
22400110,2024-10-28,1610612742,1610612762,110,102
22400104,2024-10-28,1610612738,1610612749,119,108
22400105,2024-10-28,1610612748,1610612765,106,98
22400097,2024-10-27,1610612754,1610612755,114,118
22400098,2024-10-27,1610612751,1610612749,115,102
22400100,2024-10-27,1610612760,1610612737,128,104
22400101,2024-10-27,1610612744,1610612746,104,112
22400099,2024-10-27,1610612757,1610612740,125,103
22400090,2024-10-26,1610612764,1610612739,116,135
22400093,2024-10-26,1610612750,1610612761,112,101
22400089,2024-10-26,1610612765,1610612738,118,124
22400092,2024-10-26,1610612763,1610612753,124,111
22400088,2024-10-26,1610612766,1610612748,106,114
22400087,2024-10-26,1610612743,1610612746,104,109
22400094,2024-10-26,1610612759,1610612745,109,106
22400091,2024-10-26,1610612741,1610612760,95,114
22400096,2024-10-26,1610612747,1610612758,131,127
22400095,2024-10-26,1610612756,1610612742,114,102
22400085,2024-10-25,1610612747,1610612756,123,116
22400077,2024-10-25,1610612753,1610612751,116,101
22400084,2024-10-25,1610612762,1610612744,86,127
22400078,2024-10-25,1610612761,1610612755,115,107
22400082,2024-10-25,1610612745,1610612763,128,108
22400079,2024-10-25,1610612737,1610612766,125,120
22400083,2024-10-25,1610612749,1610612741,122,133
22400080,2024-10-25,1610612739,1610612765,113,101
22400086,2024-10-25,1610612757,1610612740,103,105
22400081,2024-10-25,1610612752,1610612754,123,98
22400076,2024-10-24,1610612758,1610612750,115,117
22400075,2024-10-24,1610612743,1610612760,87,102
22400074,2024-10-24,1610612742,1610612759,120,109
22400073,2024-10-24,1610612764,1610612738,102,122
22400070,2024-10-23,1610612762,1610612763,124,126
22400066,2024-10-23,1610612755,1610612749,109,124
22400072,2024-10-23,1610612757,1610612744,104,140
22400065,2024-10-23,1610612748,1610612753,97,116
22400063,2024-10-23,1610612765,1610612754,109,115
22400064,2024-10-23,1610612737,1610612751,120,116
22400067,2024-10-23,1610612761,1610612739,106,136
22400069,2024-10-23,1610612740,1610612741,123,111
22400071,2024-10-23,1610612746,1610612756,113,116
22400068,2024-10-23,1610612745,1610612766,105,110
22400061,2024-10-22,1610612738,1610612752,132,109
22400062,2024-10-22,1610612747,1610612750,110,103
